filghtId,price
252589,69244
223754,52392
243398,61933
208360,53164
247226,42521
293881,44144
254119,62188
272356,49207
271143,62255
256513,37985
280517,38099
286704,41314
221505,23944
292252,57393
254481,51817
266397,50271
213686,42457
282816,56702
216999,27976
274827,44583
237058,57565
287014,51595
210751,22152
294642,44546
295147,44144
255546,60508
300091,51457
213499,32859
285694,51595
214495,54777
226834,39847
294232,60260
206714,40296
253983,70588
297017,55377
232832,54608
228135,41101
215334,54777
207110,35532
283659,63579
285868,51595
285969,41314
232727,54608
282548,38099
228805,53152
230151,92806
259378,43865
293856,80816
241966,49613
259523,59106
247711,42521
207950,59033
230717,62448
260006,60396
274052,55502
256725,56588
233290,62448
262935,43910
215340,57017
281752,38043
259565,44280
238338,45693
241698,61933
263978,54852
298922,40593
207641,29776
219201,45525
228314,34460
279718,45883
275120,47586
257529,37985
268484,52287
217942,67769
220487,39321
210836,53164
247552,42521
220190,39377
256596,56588
216092,92745
265553,56991
244272,61933
207415,79193
217687,75721
213799,52522
277220,47395
238985,17604
240913,76941
243025,61933
268580,60978
239089,53645
229911,34460
214406,54777
254166,60508
298553,41064
223486,45257
242991,49613
280800,38099
244130,64173
227303,51372
257776,63163
286770,51595
213075,63726
251314,54684
290182,38554
225496,39610
286220,58282
275602,51875
227221,59021
270553,53082
266241,31982
211632,53164
264978,56991
271811,52063
297453,54481
280530,56702
231164,62448
235766,49725
273583,55087
249000,54684
280465,44546
266101,50271
229732,41269
256102,56476
248751,59265
295423,60260
239381,45693
249821,67004
265749,50271
240409,45693
276839,39499
235936,49725
223829,57992
272208,49207
230807,62448
237909,64285
208997,41281
272141,52063
257494,56588
254014,51817
220913,51697
273911,55502
225327,53152
268297,52287
241443,53645
299714,41064
229302,41269
226974,50957
249848,76681
226459,51372
274891,47586
270697,52063
236976,62045
242868,49613
229376,22140
236928,36980
282808,56702
286224,58282
294717,43729
228270,53152
270309,54840
222119,45672
288310,53552
215866,37529
224022,57992
241743,49613
211711,44025
212032,69785
242966,61933
255763,60508
224748,57992
227105,53152
242248,72125
283104,53499
273718,55087
214077,57017
232763,66928
269037,52287
245219,42521
268650,79766
262171,53743
245123,32923
211395,53164
292240,49553
281741,38099
299973,51457
256694,37985
257535,37985
227310,53152
259949,60396
284224,74981
275417,24234
274431,55983
245053,42521
235541,57565
266711,62591
222335,53512
244613,61933
227607,42765
237152,62045
232695,69168
296971,55377
211108,29777
227526,53152
278084,58315
210427,28872
214377,49177
222639,27864
289036,27792
299444,51345
207330,36577
216768,65529
283919,51819
295680,44144
289302,57920
283556,51707
229985,59021
210508,53164
246424,42521
272326,52063
246323,65033
278669,59290
277904,60555
291549,23424
212670,32859
291500,49553
264663,50271
281562,38099
273036,40369
234129,55982
215660,57017
209131,50969
282766,56590
227740,53152
283258,51819
246117,50361
276490,47586
217211,75721
293064,64113
222588,45257
206910,41113
247201,32923
252691,54684
214135,50297
266525,45776
224978,70323
270344,52063
240796,45693
257913,37985
252723,67004
281993,56702
289521,53440
281093,38099
288124,53285
261293,29630
262454,53743
208109,41281
285452,45189
212974,54777
210109,36712
228341,41269
207396,53164
238269,45693
243814,49613
228094,30092
269516,60978
239713,60365
247779,35554
260881,44280
257244,56588
288469,45185
282777,38099
279119,51058
287484,79349
294510,43729
272679,55983
267198,62591
276311,39555
276894,43430
274119,55983
219509,23944
238500,50868
214816,54777
208883,40441
275017,54115
213714,54777
296413,54896
276576,39499
283639,51819
211072,53164
225759,59021
293989,44144
242562,49613
213867,42457
278423,64890
297309,57057
240170,17604
208444,41113
289305,57920
267725,52287
298407,51457
279687,72730
218648,27976
280819,38043
292584,61873
258847,56588
209763,34472
299060,58032
215522,35490
264070,50271
264311,59254
262984,28510
279004,60555
276943,39499
294959,60260
235284,57677
275832,24122
238752,60365
211644,59033
258066,56588
248599,50361
237179,69997
219580,44405
213672,32859
266589,31982
213833,62617
297434,55377
268761,60978
237375,49725
232772,69168
215655,54777
212663,32859
299357,79099
264588,50271
270485,52175
248651,79548
256695,37985
239393,58125
255224,60508
225053,57062
279350,66155
284703,20000
219239,23944
255723,51817
225734,51372
255233,60508
297067,55377
239681,45693
235736,72237
266908,56991
256108,56476
282933,56590
279658,52715
215996,53209
226446,47844
194059,10608
293162,49553
222185,52882
293665,55904
271448,49207
258828,37929
251263,69244
230188,62549
209283,59033
287156,41314
230161,105764
245796,50361
224208,48948
289849,45185
231761,54608
249692,54684
255537,51817
268699,60978
223857,27864
244902,75449
210242,41113
231525,66928
249759,87136
245647,54841
267740,60978
239186,60365
219562,24056
296362,54896
229945,41269
222590,45672
274022,55983
294183,60260
275287,47395
291736,64113
270622,52175
218206,65529
266993,64831
234593,49725
213418,32859
287000,41314
274873,39499
292925,61649
232184,48213
239933,60365
265469,50271
239276,66940
285529,40843
256922,56588
242666,61933
214540,42457
286235,45189
243661,49613
294728,44144
292856,64113
293144,23838
281963,38099
230899,62560
289023,60160
285585,51707
256736,56476
285786,71389
226883,53152
209445,41281
299446,51345
296686,54896
261522,53743
254217,60508
269334,69938
264289,50271
289899,27792
279663,58315
234387,58708
231949,54608
230548,66928
267648,68415
211146,41113
255850,51817
213375,49177
244789,23898
221638,39377
228300,22140
215793,45371
259691,60396
299522,51457
261020,26682
281452,38043
243822,57453
217715,53209
218928,42771
264757,50271
233691,54608
240617,68317
234832,49725
254372,60508
225114,44048
295480,60260
256494,56476
223020,65944
286942,84075
281216,38099
275395,51875
222261,53198
258807,26818
296255,65457
254506,60508
31373,5761
245328,57081
280598,56590
277643,60555
226068,59021
207074,59033
228874,41269
246314,61546
222905,45257
213463,50297
265329,50271
297551,54896
292758,49553
231712,69168
267393,63218
235767,49725
256810,64025
280667,63277
250129,20760
228970,40435
284697,59290
211729,53164
265531,50271
225625,50957
229686,22140
227292,50982
219791,23944
260282,63362
255117,62188
236961,49725
229294,37888
270831,52175
237636,49725
276097,39555
259300,60396
266336,50271
225030,46720
232500,66928
240664,58125
276368,39499
255608,60508
216262,48882
264896,50271
239982,45693
224558,60232
263614,53743
131030,5017
284272,63579
242462,64173
248690,65705
212798,52522
258395,56588
221396,23944
257283,37985
259173,44280
245383,50361
269613,52287
213524,42457
232001,20684
221415,46097
246214,54841
230890,54608
255639,61404
222719,45672
245439,32923
246580,42521
266788,64831
256329,43697
285610,72394
294282,60260
272164,49151
217371,53209
297387,55377
250322,54684
279472,58315
246099,42521
276989,39499
227031,29764
246904,35554
286837,51595
279766,45995
209940,53164
223267,64801
247321,42521
263223,48079
216612,53209
285907,51595
276568,30808
285586,51707
297492,67473
235863,49725
211846,53164
209943,53164
255375,62188
298251,51457
224478,57992
206728,47396
262219,53743
267546,52287
291125,61873
234188,54306
234533,57666
272552,89729
261934,53743
293017,49553
245351,32923
225067,57856
287300,41314
265443,74911
286113,51707
229097,41269
281115,56590
221728,51697
229381,29765
215614,32859
264120,80506
294447,60260
263751,84756
216585,84222
241668,49613
288661,57920
227516,51372
286436,41314
294770,43729
239834,52380
234115,54608
293961,60260
209907,47217
225113,42781
261921,34354
229731,41269
256459,56588
234823,31436
297549,54896
240794,45693
208508,22152
270589,52063
236207,57565
287060,51707
226737,41101
263474,68303
222105,45257
209608,53164
291599,61649
276430,47395
236159,64285
272392,52063
254620,51817
254880,60508
264665,50271
243727,49613
284344,48795
213591,32859
291608,69713
269703,60978
296349,55377
293827,44144
229287,36565
260720,44280
289720,74944
235273,49725
207299,59929
218612,59929
264127,37526
257233,56588
255711,31432
284424,58394
251353,69244
268866,60978
259991,44280
242524,64173
214332,32859
275433,39499
259335,60396
258808,37985
231734,20684
236584,73581
286404,51707
278940,58315
264036,54852
272689,55983
229785,22140
213720,54777
258469,56588
218269,61049
233133,69168
238370,60365
256528,56588
298401,41064
291021,23838
243018,51117
211773,34472
252960,60508
218129,57405
255354,60508
263054,48079
280159,45883
272857,55502
216140,65529
259583,60396
182795,7814
286349,51595
257286,37985
277085,54115
218054,53209
215587,57017
246190,42521
254643,60508
254917,70588
250464,74956
283190,52715
290316,53440
273471,55983
238779,45693
247641,45097
284655,48851
256712,43697
227521,53152
220209,47408
278873,58315
238995,45805
238832,61597
275780,24234
277608,45883
240402,45805
295192,44144
261459,53743
226912,22140
291462,61873
233659,69168
281003,56702
263773,53743
226771,53152
270850,62255
287778,57920
209611,53164
273829,55983
214047,49177
244173,49613
282223,56702
259953,60396
211957,53164
269139,68415
242314,65405
244353,74365
294681,44144
236044,57565
213000,32859
296907,65457
253296,60508
291096,49553
283332,70154
281308,56590
224135,45257
232426,69168
245886,54841
285405,62221
211516,53164
252697,54684
245051,42521
290727,57393
232222,62448
248370,45097
232456,54608
290286,60160
290473,61873
290437,88384
268592,72738
211119,36577
211831,53164
255525,51817
243205,31682
227451,29825
274079,64943
236092,43165
224071,45257
258827,37985
222462,53512
286167,51595
263141,68303
210728,53164
50066,7079
213440,42457
268625,60978
228267,53152
238410,45693
267490,60978
242127,57453
276385,47586
279028,37622
207528,22152
226856,44652
231483,54608
242579,57453
244851,79369
212614,52522
238629,45693
284357,51707
208532,36577
276172,51270
270180,60978
294018,43729
284279,70154
217315,59929
284963,63579
268241,61023
237417,62045
237466,49725
260420,60396
217976,47545
279074,60555
266681,50271
225810,41269
236876,50621
230429,54608
259348,44280
239984,50868
296280,55377
222023,100473
292563,49553
215684,32859
248835,54684
265207,59254
288103,79144
247512,54841
228987,41101
296541,67809
292841,57393
259440,60396
252416,69244
247066,42521
295809,60260
257482,37929
211424,60601
230739,69168
218178,43376
209976,29776
207494,53164
266418,59254
237818,62045
259396,44280
284178,48851
258898,56588
237926,36980
272889,56879
257932,56588
264817,50271
216943,43376
273657,55983
228409,22140
265438,72671
251996,20760
247098,54841
272684,55983
260183,44280
235773,49725
232221,62448
230509,54608
240750,60365
259134,44280
298784,80544
273423,55983
284857,58394
221508,23944
220084,39321
247105,54841
256143,56588
279808,60555
218632,67769
271937,79817
260499,44280
281212,38099
274239,55983
277556,53835
293963,60260
264789,64831
268749,60978
220937,39377
278957,66155
243417,72125
239671,45693
247664,54841
289434,68112
251522,69244
220097,47408
244022,49613
284481,53499
289783,27792
269552,60978
242415,49613
287728,53552
212236,64969
227102,53152
215075,54777
239513,45805
221575,32770
246036,50361
257874,56588
294653,60260
261617,92193
289766,60160
281486,74594
284930,48795
296199,55377
274086,20606
293521,43729
290637,49553
251948,56058
253062,51817
283876,51819
213109,49177
256787,56588
279341,58315
240740,58125
238553,45693
276323,44583
240904,60365
280495,56590
252550,54684
288155,65872
283925,51707
230024,26396
223657,67601
228286,59021
245518,35554
212351,42457
284274,63579
246411,39847
211271,50969
230541,62549
220660,44405
224543,57992
235099,49725
291767,49553
284804,60074
291520,61873
289704,57920
235676,49725
222871,57992
220320,44405
287982,68112
234891,67645
286233,41314
72426,3916
209024,49896
268401,68415
269414,52287
217070,78913
228529,31450
286549,41314
265303,81284
234219,77949
261719,68303
250256,61404
208482,53164
296293,55377
217232,47545
258743,37985
218176,39736
290354,56943
239353,17604
296906,65457
259014,65445
242396,72618
249303,69244
217061,72339
248378,52586
207326,34472
233576,69168
254892,60508
269343,71058
299273,41064
295448,72356
285687,51595
285708,41314
278223,64890
290681,86480
273392,55983
217152,42212
230561,66928
245528,42521
283341,48851
282895,38099
233876,54608
245867,42521
222916,45257
264326,72671
258105,37985
212337,32859
263202,68303
231069,54608
253682,60508
216128,53209
289211,27792
270979,52063
250495,54684
277086,54115
279050,45883
282230,56702
249099,62636
249892,54684
255371,62188
256016,59948
284629,51707
249539,54684
295837,44144
253644,62188
236433,49725
217825,29656
259457,44280
238406,45693
269698,60978
211973,33979
283216,51819
283296,48851
277966,60555
244335,61933
292502,49553
274706,55983
252161,77196
291328,61873
278163,60555
281464,56702
294363,44144
265052,59254
275457,55347
251831,54684
255040,60508
265949,31982
216644,67769
262507,53743
283267,51707
248131,48233
209820,53164
213391,54777
279804,58315
299958,41064
223222,45257
264222,50271
247064,42521
211191,59033
290671,77329
115521,5402
272243,56435
252351,35586
243192,69885
295046,44144
226460,51372
279355,68507
262914,68303
287488,39682
257858,37985
253081,60508
247728,45097
215940,58525
292903,49553
261302,57608
251249,67004
215170,54777
227430,53152
255990,59253
280707,56702
280628,38099
278518,45883
295779,44144
284449,48851
299486,51457
208034,51384
263259,84756
291887,49553
245487,57081
217421,42212
299815,51457
237845,31436
237361,49725
230213,76605
216796,110850
290461,49553
284413,51707
275632,39555
245457,42521
209958,22152
208045,53164
261198,44280
232977,39547
222291,72776
243650,49613
274439,55983
236469,62045
234385,58708
270032,52287
221313,51697
294761,60260
227077,44610
226340,42412
292520,61873
236366,49725
266276,59231
239764,53757
222739,57992
278410,58315
282255,38099
297274,54896
207446,39622
234602,57565
291243,49553
252279,54684
276513,24234
276149,30808
282657,38099
258751,37985
234992,31436
255741,60508
212379,57017
283775,51819
219226,63121
271565,52063
296973,55377
227560,29980
238290,58125
227737,53152
272179,52175
265794,64831
252449,54684
298602,51457
240812,58125
262319,34354
213698,49177
248684,59265
269457,60978
218542,61049
260669,44280
219314,51697
252347,20760
299206,51345
213362,42457
268387,60978
281107,56702
244590,49613
253065,51817
217168,53209
266847,59254
218886,61049
278850,45883
259083,60396
257112,56588
237192,45230
292179,57393
228475,50957
236870,49725
276363,39555
239302,45693
292445,51057
296592,54481
223369,52392
238696,45805
266796,72783
264105,72783
230202,69874
242147,61933
229081,39610
219096,65529
241971,49613
267820,60978
288312,57920
220627,53937
280991,56702
269830,60978
297464,54896
268734,52287
267352,63218
217719,57405
227475,39847
254212,51817
252290,54684
276361,37846
231187,69168
244005,49613
277827,58315
267915,52287
210488,51384
289539,57920
213906,57017
235546,62045
275820,55750
226414,36700
237878,57565
260883,44280
228364,50957
267968,31902
257832,56476
253581,72268
263742,66063
294298,67706
296456,54481
231219,54608
242017,64173
268519,60978
291638,49553
238695,45805
239330,58125
276675,30808
207858,22152
247623,35554
281058,56702
299014,66723
239466,53645
254787,31432
244577,23484
281342,38043
243061,31682
258588,56588
285403,62314
259393,44280
286782,58282
283981,51707
248028,32923
220813,24056
273065,55983
244964,35554
231190,69168
275540,47395
213495,64969
264267,99204
296696,55377
223654,65832
234310,49725
226675,53152
220006,24056
279145,60555
244302,49613
275782,24122
264739,50271
214375,49177
284447,48851
288687,68112
265866,64831
215463,49177
252729,67004
216810,43376
281513,56702
218597,53209
209908,47217
209567,41281
255855,51817
258897,56588
243967,57453
284018,48851
238490,45693
242942,49613
266369,64831
242421,49613
251993,20760
287629,31721
228185,63053
245846,40360
293219,57393
268951,60978
294911,60260
273793,55983
206778,61273
225397,41269
256285,56588
210300,60713
228279,53152
218574,27976
254995,51817
294563,44144
268055,60978
224646,27864
243038,64173
265508,70431
234319,62045
226308,35520
277836,58315
270752,67497
293280,61873
213930,32859
243249,61933
256042,57596
248133,50361
218924,32347
293603,49856
267516,78870
243510,49613
256640,37929
288715,53440
245088,57081
242806,61933
235559,64285
286287,41314
224917,27864
233536,54608
208394,22152
288510,65872
255891,60508
233193,55982
215353,32859
223916,65832
229555,53152
210543,29776
248139,50815
241489,82989
247152,42521
207772,36712
211452,36577
299107,58032
228221,41269
226293,22140
245067,50361
252134,67004
209882,39859
285695,51595
208195,32646
216506,73369
255759,60508
234246,53186
232996,54608
286407,51707
238992,45805
267602,52287
299123,41064
227928,47205
229046,22140
289174,53440
273429,55983
291123,61873
220323,46097
271009,49207
230367,62045
271579,63935
217841,53209
254135,51817
263235,53743
278456,45883
208893,41281
267171,50271
276619,24122
208909,45156
208598,53164
260576,60396
284242,51819
209133,51384
273128,40369
299033,41064
247827,54841
262352,66063
212178,39783
252086,48289
207702,51384
208866,34472
243619,61933
211352,41281
231968,66928
294028,44144
210747,22152
222400,60232
292228,49553
277106,39555
269978,52287
275604,51875
282962,38099
258724,56476
231537,69168
226582,59021
290712,49553
210977,22152
229523,41101
217905,47545
265527,50271
215249,57017
285329,67141
209686,44806
225762,59021
246562,32923
265404,50271
246492,35554
207093,22152
261071,90720
270698,52063
270181,60978
254644,60508
247218,39847
238975,60365
227714,44069
208954,60713
236606,49725
226333,41269
218942,53209
296361,54896
261236,44280
287399,41314
288466,45185
265049,58223
249208,67004
240940,45693
226777,53152
213379,52522
275012,51875
259364,52064
281245,56590
254603,51817
279553,17794
231299,35510
299883,51345
285784,51595
235420,45230
212517,42457
258879,37985
245899,57081
274421,55983
247067,42521
277873,45883
243128,23898
270210,52287
232926,55982
226709,34460
215305,45371
299225,41064
236625,57565
271955,52175
238858,45693
252823,69244
246030,49465
241505,57003
219032,67635
225893,34460
252737,69244
289727,27792
259816,43865
294993,44144
282832,38099
286384,41314
289607,76612
220246,39321
241306,53645
258782,56588
293971,44144
231506,54608
259944,60396
271083,52063
261948,61583
276019,47586
221647,39321
271322,52063
218125,57405
236911,64285
289554,27792
230513,54608
256488,56476
255394,51817
264919,59254
248785,78316
243548,61933
296174,54896
283665,48851
297117,55377
286156,51707
208380,60601
223919,67601
233309,69168
276555,55750
270606,63935
281547,64139
291304,49553
284752,79461
257172,56588
270288,72335
264816,50271
248655,24344
272676,55983
255227,60508
298889,51457
253530,51817
276797,47395
264606,56991
250728,69244
231223,54608
231994,76605
212328,32859
299534,51457
281857,38099
257735,37985
220714,39321
223704,57992
230882,54608
231061,54608
213402,57017
273237,55983
240493,45693
223858,27864
268046,52287
210433,32646
298043,55377
242368,61933
261227,60396
285271,53499
297458,54896
212956,49177
219677,24056
244888,64249
286368,58282
240037,45805
248176,32923
227606,41101
228565,42412
207648,34472
247627,39847
290489,73969
213898,54777
242403,23898
299000,51345
292596,61649
259184,49992
215141,49177
222231,27864
244541,49613
296053,55377
229543,51372
298679,51457
210824,53164
256570,37985
295800,60260
245424,62793
214797,45371
276494,51875
280541,56702
239578,17604
237970,62045
258459,56588
233466,66928
266740,43711
217759,27976
210658,34472
268584,60978
215836,62617
267630,60978
211248,41281
208539,39622
257764,56476
207465,41281
244181,57453
222790,45257
233378,62448
252910,62748
262741,66063
228861,36700
297228,20000
244109,57453
224455,45257
223894,53512
299052,51345
211109,31462
253014,60508
256602,56588
279334,58315
295937,60426
259036,61516
288889,57920
213861,42457
275631,39555
207856,22152
227387,41101
271167,52175
222964,27864
258477,56476
212949,45371
228168,53152
293998,60260
261832,61695
247140,39847
261160,60396
253857,51817
213087,32859
276365,39555
264194,104255
278307,17794
296418,54896
255585,82113
232374,54608
273191,55983
233064,20684
269364,52287
225741,51372
299689,51345
247029,57081
255309,60508
279320,45883
270300,53183
238578,58125
237796,49725
261805,41652
258494,37985
246265,42521
260251,44280
281792,38099
251974,69244
218243,42212
209432,39622
236434,49725
280103,51058
268884,60978
220804,53937
254825,60508
227976,22140
286031,51595
251887,69244
263791,66063
237455,49725
220088,46097
287079,51595
269279,25470
228318,35520
298504,80544
207536,32646
235345,49725
275869,51875
208499,59033
244545,57453
235513,49725
285092,51819
257720,56476
211194,59033
266243,37526
233413,20684
234500,43165
300152,81585
217113,65529
257095,37929
259286,44280
295900,44144
266229,70431
246645,32923
247011,50361
216809,43376
288585,45185
297630,54481
211275,51384
246569,35554
219860,46097
281244,56590
243522,49613
253168,67945
281362,56590
270305,53183
277657,17794
256636,37985
284729,51707
226387,22140
207513,59033
240355,45693
223593,27864
255458,51817
220399,53937
284665,51819
215756,32859
245916,32923
249958,54684
230973,54608
271833,79817
252552,54684
291667,69713
207411,69113
285153,51819
286301,51707
276870,54115
229355,59021
214448,42457
270398,52063
211120,36577
277405,17794
224995,57308
241746,49613
264543,70543
219350,39321
250653,20760
255641,62188
293606,51928
223378,57992
255754,60508
291423,31622
285663,41314
238649,53757
209593,53164
290522,51057
247840,57081
250400,54684
277849,66267
231071,55982
289076,57920
283149,53499
242228,61933
239307,45693
231644,20684
257454,56476
297727,54481
287042,83930
225690,34460
228699,53152
244384,49613
217830,43376
298785,39432
280033,45883
291283,80566
277698,60555
211579,40447
214650,54777
225567,22140
261548,68303
277282,70714
252289,54684
259918,44280
244497,64173
242140,61933
253497,60508
221820,39377
234429,49725
250430,56129
271261,52175
268935,60978
221908,54377
218116,53209
287643,54305
212306,57017
260842,60396
209291,22152
248104,32923
272522,52175
292840,57393
265902,50271
241987,57453
222897,27864
260185,44280
297686,54896
207650,35532
233306,69168
289863,53440
271944,49207
211203,22152
245061,42521
255567,60508
273336,55983
232740,54608
290844,51057
264826,50271
279078,64890
214309,54777
210595,50994
250722,67004
250261,67004
282599,38099
246677,45097
275362,24234
268171,52287
226540,47429
238565,45693
269440,60978
206926,49896
288064,53440
248816,54668
242626,49613
208597,53164
299132,41064
244460,49613
283383,69739
278353,60555
291826,49553
263546,38590
276492,47586
258638,37985
296639,54896
243549,61933
215985,47545
236506,36980
233533,54608
217653,57405
242797,49613
207072,57625
215300,42457
277936,45883
296261,93984
231160,55982
227549,22140
15733,5619
253131,51817
252126,62524
263942,53743
233976,66928
280124,60555
211112,34472
285944,51595
219612,59649
240937,45693
219703,47408
275268,24122
269656,52287
235810,64285
209440,41281
226516,37932
254291,60508
217862,65529
220203,46097
263524,66063
270535,52175
223057,45672
279122,52715
272673,55502
294945,44144
267292,50271
286366,58282
266118,50271
278992,53824
242274,49613
209895,41113
274251,55983
275321,24122
293031,49553
250488,54668
233616,54608
225863,61127
259164,44280
208149,53164
233503,20684
262593,29406
265505,69065
299417,41064
279489,17794
280751,38099
281305,56590
285438,62221
213611,42457
252328,69244
262347,61583
222713,45257
240880,53645
227418,53152
230743,74880
207807,50969
213466,54777
279541,64890
242313,64173
297281,54896
209113,41281
260797,60396
207408,60713
295327,60260
235147,74365
239796,66940
270514,49207
297373,54896
227055,40435
245139,42521
222385,52392
211122,36577
257032,37929
226139,47205
284880,51819
238748,60365
276796,47395
262499,48079
272537,52063
285813,51707
215717,50297
269247,60978
297071,55377
237584,62045
216807,42212
262961,61695
288683,65872
291755,49553
281072,63269
272682,55983
251591,62636
282680,56702
229308,41269
291119,57393
223250,57992
296279,55377
244800,49613
286493,41314
259745,60396
293805,43729
291890,49553
284223,67141
225003,73536
239843,58125
277987,45995
248284,42521
279170,45883
272030,52063
262762,28510
211916,41113
291456,57505
238029,50810
244262,61933
227921,41101
267561,60978
270966,52175
264291,50271
241636,65405
284245,51819
215589,57017
216830,57405
298678,41064
263429,29406
226494,22140
239631,60365
239939,64700
271594,49207
240840,60365
218759,65529
218642,84222
274839,47586
269675,52287
275867,51875
262278,53743
244137,78957
266500,62591
267500,60978
230819,66928
284385,20000
233239,20684
273200,55983
298395,41064
249574,74844
232208,54608
254285,60508
225627,50957
283139,51707
216689,53209
251486,54684
208627,28872
249694,54684
259146,44280
272052,49207
240282,53645
267077,70543
260038,44280
212474,57129
222344,60232
258558,37985
225250,61127
262788,53743
223514,57992
299774,51457
220969,51697
214549,49177
242993,49613
246193,42521
249683,39842
260963,60396
294747,60260
284876,48851
238619,32230
276647,47586
259799,60396
277907,66155
231675,54608
263444,53743
276160,39499
266059,64831
252809,67004
293032,49553
272514,49151
229833,41269
264935,64831
240231,60365
294167,60260
251560,54684
263428,28510
278421,60555
279681,66155
269488,52287
231926,54608
206843,55416
232973,20684
294262,44144
266395,50271
239810,45805
252787,54684
291588,61873
288808,27792
280314,68507
283615,66234
278644,45883
232622,20684
224431,65944
285124,79461
269039,52287
245617,42521
292308,51057
267916,52287
208534,36712
288256,57920
221470,46097
269902,88575
238253,45805
283761,36660
281696,56702
248038,40360
209717,53164
257642,56476
285951,51595
180651,7352
275489,47395
275162,44583
247089,52586
297409,54481
212140,57017
273400,55087
254910,62188
212162,73593
285349,51819
282329,44546
214174,32859
247882,42521
211505,53164
222014,73784
243707,68743
259996,60396
275476,39555
285237,48851
71774,13086
229893,22140
244063,74365
251501,61404
221618,53937
226535,41101
225858,59021
279757,17794
288438,57920
266970,50271
260838,60396
256087,56588
264481,80511
291579,56273
285521,51595
264211,50271
273084,55087
264867,64831
208335,41113
253725,31432
285688,51595
213692,42457
241671,49613
267814,60978
273282,55983
266170,31982
237292,49725
267998,60978
232314,62448
270109,52287
241044,58125
275385,47395
195230,6988
288410,45185
273436,55983
282497,38099
252274,54684
254433,60508
240807,53645
215906,81657
255435,60508
268934,60978
282076,63277
271486,67497
249927,69244
264091,62591
262561,53743
254414,51817
220584,24056
268368,60978
209434,39859
262977,28510
287582,40843
213246,32859
268308,60978
214183,32859
223391,60232
296802,55377
279739,58315
254530,51817
277250,51000
271035,52063
229135,53276
288925,27792
282463,56702
240116,45693
267690,60978
234174,54306
232300,54608
227634,53152
282431,38099
279076,64890
227903,37888
276329,47586
255590,51817
219571,39321
259094,44280
230611,54608
241673,49613
282532,56590
248239,57081
291220,23838
246291,52586
221370,47408
226165,53152
209377,53164
235618,51405
213658,64969
213792,49177
223890,52392
224967,60232
226044,51372
263080,68303
228264,51372
220598,39321
223922,27864
299653,40593
282405,56702
217778,53209
208035,51697
283464,51707
262127,68303
221288,23944
220884,39377
248059,50361
294936,44144
213095,39783
291982,56273
272656,70095
232046,55982
282437,38099
225364,22140
294445,60260
285224,67141
267809,61023
237111,49725
269103,52287
240111,45693
221783,46097
294913,60260
285844,41314
271870,52063
277738,45883
256551,56476
255679,60508
264993,62591
242879,61933
284853,53499
271564,52063
268417,52287
296774,20000
261940,53743
292516,57505
234862,58562
271518,52063
246839,42521
238064,70557
292646,51057
239595,45693
267051,59254
292273,64113
268341,25470
228051,51372
250823,76681
292088,49553
284910,53499
221265,51697
252509,74956
249403,74956
208468,53164
275023,67331
298180,51457
273150,55983
253798,51817
229252,59021
267038,50271
255141,51817
234495,31436
262264,42746
209813,50969
228389,53152
251394,54684
217344,27976
213235,57017
230964,54608
220188,39377
244928,51047
290192,45185
218704,73481
211021,41113
254140,51817
228122,39847
224396,45257
284676,51707
235784,51405
236190,49725
267025,50271
294123,63226
220680,51697
212741,57129
234623,62045
248077,54841
249755,74844
248311,57081
283848,63579
283057,53364
209297,22152
279576,45883
274197,55983
286661,51707
243074,49613
212832,62729
251711,69244
276113,44583
253524,51817
247104,54841
282646,63277
280052,58315
283805,48851
257703,56588
233655,66928
252794,61404
222882,60232
215352,62617
279067,59290
274551,55502
264043,59332
268249,60978
214325,61618
274354,56879
256598,56588
290262,56878
214189,37594
270551,53071
235591,43165
208535,36712
299046,51457
230051,63680
297273,54481
289456,45600
214634,49177
286166,51595
280686,38099
292417,49553
280813,38099
209586,50969
263785,61583
254277,60508
224726,45257
266329,50271
231102,74880
285285,34932
290736,61873
240620,17604
220452,51697
228836,22140
217441,53209
231210,39766
244801,49613
57539,3633
251502,61404
243606,57554
292549,49553
235937,49725
246065,65033
283840,53499
220585,24056
220498,47408
217581,53209
208117,41113
275574,24122
218118,53209
224929,45257
299316,41064
288807,27792
242557,49613
222759,65944
255134,51817
285974,51707
214423,64969
273646,55983
214383,50297
269991,60978
215303,42457
253494,60508
267669,52287
219975,46097
226586,60589
285582,41314
281561,38099
260473,60396
271557,52175
243109,64173
247456,32923
226720,37374
214437,35490
218100,27976
244666,61933
299347,51345
280274,45883
251780,67004
279280,60555
236842,31436
255618,60508
212100,32859
279046,45883
215852,84457
214470,49177
222760,66526
264361,50271
209670,41281
227520,53152
266425,62591
256275,56588
240746,60365
213830,57017
292336,64113
297471,55377
213802,54777
210266,53164
248350,42521
292915,61873
285170,53499
261827,61583
221912,62953
271546,49207
228268,53152
259058,73948
256540,56588
245693,42521
211320,22152
232759,66928
287658,77889
251609,69244
272730,55983
282516,56702
285746,41314
226342,44610
210955,53164
252095,54684
282786,38099
298305,51345
223026,74097
274569,55983
294700,60260
286976,51595
248152,54841
233614,54608
236835,72237
243787,23484
242816,64173
271288,68830
281994,56702
216353,65529
218186,53209
293210,49553
263115,53743
221785,47217
269605,52287
220556,47217
231139,54608
236140,62045
296894,55377
250949,54684
251574,54684
290863,69713
233222,69168
214499,57017
273985,55983
221440,53937
257489,56588
251221,54684
257400,37985
226546,47844
289086,60865
241156,45693
225021,42445
259723,44280
290784,51057
215632,45371
231882,66928
217966,41118
294650,60260
247314,42521
286920,51707
273284,55983
213848,35490
214232,54777
223852,67601
237182,31436
238594,60365
226792,59021
215085,57017
213004,32859
279774,45883
278575,45883
292187,61873
208621,22152
268504,60978
290460,49553
265370,72783
219454,23944
256954,37985
294795,60260
261312,65779
268723,52287
210358,41281
237948,49725
251854,54684
254299,60508
263380,43305
288059,45185
228717,59021
287654,71169
293594,44144
258943,37985
211861,22152
287362,51707
239109,60365
238450,60365
253493,60508
249192,62524
222303,45257
211616,53164
239657,45805
224812,52392
239183,58125
276321,44583
276161,39499
229176,35520
256508,37985
282586,56590
274409,55502
255449,72268
238909,17604
214677,64969
282077,38099
273420,55983
231255,62560
229515,41269
264960,50271
228384,53152
230905,66928
282068,56590
261360,64659
286769,51595
245413,57081
224372,65832
281242,56590
283004,56590
238469,17604
292671,64113
218831,67769
269534,52287
281367,56590
286867,51707
210402,59033
260816,44280
226867,50957
274536,56879
236470,62045
256915,56588
273648,55983
232317,66928
232321,66928
238758,68317
258356,56476
224835,60232
283970,51819
226490,22140
242060,57565
247035,57081
251152,62524
288045,27792
235025,57565
280398,38043
245245,57081
220682,51697
230659,69168
210554,36577
254025,60508
254284,60508
213309,57017
274679,55502
234994,31436
297590,54896
286059,41314
290307,45600
297899,54481
283534,36660
251672,54684
243519,49613
215413,54777
216032,31528
245267,79369
267815,60978
299203,51345
255785,51817
244083,49613
287684,54305
248923,67004
225601,39847
276411,24234
244066,76605
275068,51875
262107,53743
299156,63889
212642,62617
236290,49725
238041,50810
254690,60508
207873,35532
243843,68743
297721,67473
277363,45883
249604,54684
283432,57083
270129,60978
220995,23944
264608,56991
295875,62891
281981,38043
213302,54777
216332,53209
280516,38099
266197,50271
236607,49725
262436,32881
259110,44280
245348,70745
243351,23898
261230,60396
269781,52287
225343,59021
266158,69961
246328,32923
289553,76612
238955,58125
46453,13700
226743,41101
215602,32859
216912,65529
275703,51875
287196,41314
259423,44280
276546,51875
223312,57992
291110,49553
243603,57565
211971,59929
256033,57708
215975,27976
69870,5949
292342,80566
224651,45257
230640,62634
231295,20684
295093,44144
287877,45185
279776,45883
218829,67769
287596,51707
270835,52063
243982,64173
257028,37985
269935,60978
267920,52287
247796,42521
283192,52726
297937,20000
263315,28510
276175,51875
253377,70588
266931,70431
235649,72125
221329,59537
293716,52139
285045,51707
207974,29992
247909,54841
258809,37985
296250,55377
264056,37526
228013,41269
250142,54684
278333,51058
298003,55377
244288,80626
273113,55983
286307,51595
250450,67004
208489,58876
287349,41314
225993,34460
215914,37128
277171,47395
253665,51817
269117,60978
251794,69244
272432,52175
243911,64173
233361,54608
262021,69535
229690,22140
231764,54608
253439,62188
232268,44246
224733,45672
278208,58315
219592,51697
272369,52175
245269,32923
262403,57939
263481,28510
275664,51875
216016,82553
269852,52287
222461,52392
260335,43865
207377,51384
262156,48079
291860,63979
261615,87007
213202,50297
252944,60508
236886,57349
278945,60555
221076,47217
291971,49553
264163,65115
295492,60260
261970,28510
224136,45257
242318,68743
285416,45189
234260,54306
258400,56588
276578,39499
220713,39321
229357,59021
292895,49553
292276,80566
269182,60978
247742,54841
270932,52063
288886,53440
269342,71058
216779,67769
282423,38099
264376,58212
280561,38099
235569,72125
262116,61583
230101,58069
222286,67601
278875,58315
287655,75089
216277,61150
253858,51817
217373,53209
248282,42521
258511,37985
238095,50810
290970,49553
248423,39609
222915,45257
288942,53440
213632,54777
261874,53743
255033,60508
245034,32923
244947,76345
265906,50271
291883,23838
208453,49896
209881,39622
278560,68507
221245,44405
245045,40360
283628,48795
239159,45693
246799,57081
209890,41281
282043,38043
238295,58125
212502,32859
230092,114523
221576,39377
290747,64225
215211,42457
261129,44280
294876,67706
237104,45230
230273,54608
266182,50271
284726,51707
279231,32420
267714,68415
238050,63837
267193,62591
283164,48851
235565,72125
294737,44144
212170,32859
270820,52175
240490,45693
253659,51817
240889,58125
243260,64173
236063,64285
227453,29980
273955,55502
285150,51819
245286,42521
237576,62045
233180,54608
264874,72671
246546,62793
296411,54896
272765,55502
209158,59033
292984,57393
293228,61873
246269,42521
281593,56702
240335,45693
253077,60508
245904,57081
214951,42457
222732,53512
279705,45883
222417,72776
210069,59033
218660,47545
220962,47217
213602,42457
295402,44144
298082,66129
251216,54684
275267,24122
240577,45693
266652,64831
228762,41269
282239,56590
289131,57920
266757,50271
257294,56588
290901,49553
227484,41269
243829,61933
243537,61933
253466,51817
265472,50271
287155,41314
277059,39499
229847,50957
250480,20760
249650,69244
207651,36577
244564,64173
234629,64285
296991,55377
269700,60978
211356,41281
276590,47395
279542,66155
215028,35490
261544,68303
207431,29777
282655,38099
264741,50271
251313,54684
242905,72125
209504,59033
223372,53512
256552,56476
268002,60978
256675,56476
255633,60508
266449,91599
216724,76505
239949,17604
283596,51707
271556,52175
293441,55288
254377,60508
236568,64285
259537,60396
210561,36712
259339,43865
293710,44144
282762,56590
254650,62188
275208,39499
299474,51457
297388,55377
212864,42457
298030,54896
212402,64633
259063,44280
228100,32634
220071,23944
236188,49725
253130,51817
287641,50822
298873,39432
244668,64173
240454,60365
252455,54684
221397,23944
268404,31902
280276,45883
259556,44280
257323,56476
229831,41269
299935,51345
241524,69549
214963,42457
281645,56702
232979,44787
277376,60555
284900,51707
280899,56590
259652,60396
270089,52287
287642,54305
223239,47657
248954,84896
267472,52287
214852,32859
249533,54684
269603,52287
235008,49725
256980,56588
259821,44280
237969,62045
247194,57081
270208,52287
259222,44280
222197,57992
279618,67130
296275,55377
222493,27864
210441,36577
223300,47657
232952,69168
266742,45776
244669,64173
239234,45693
251374,20760
294638,44144
250216,39842
20073,4527
212782,45033
297502,54896
275548,51875
225193,41269
297418,54896
242022,64173
218810,53209
273040,55087
253818,60508
207278,53164
255825,60508
209475,51384
210663,36577
211736,53164
210968,59033
251004,87136
257877,56588
237710,49725
221748,24056
246482,32923
207333,36712
296549,54481
299551,66723
254856,31432
239869,68317
259006,65548
296061,55377
289093,27792
209322,36712
247896,42521
226785,53152
219114,73369
263525,66063
288179,45185
250666,44322
282915,56702
230705,54608
265539,50271
223889,52392
252512,79296
224523,45257
292751,49553
271975,52063
232837,54608
299968,51457
260075,43865
239555,60365
221383,59537
252875,73388
232465,54608
269305,60978
287788,60160
239768,58125
293713,44144
234556,72125
222489,65832
293829,44144
219682,23944
299194,51457
282422,12114
221732,51697
295352,44144
238078,36236
252300,61404
237767,87917
232885,29094
274351,55983
210424,22152
220619,51697
217978,53209
293320,51057
299420,41064
256188,37985
285022,74981
292119,57494
230363,54608
225589,35520
215452,42457
288430,57920
255001,51817
251365,74956
217705,43376
248485,65033
263696,74015
257345,37985
276957,51875
211880,34472
276624,37846
264539,68191
247789,42521
281799,38099
292347,23838
273949,55087
221113,39377
210005,41281
227171,41101
263248,66063
285924,41314
296426,55377
295246,43729
218058,53209
229160,22140
291270,64113
233720,54608
210187,22152
215843,31336
275203,24122
289671,39888
254205,51817
295497,60260
259109,44280
251961,67004
239384,50868
220480,39377
216209,61161
253589,31432
239252,58125
227257,36700
266980,58111
221513,39377
216091,91659
266338,50271
242376,64173
237370,49725
217820,27976
71699,7584
294360,44144
291664,64113
296013,55377
251997,20760
212587,39783
294698,60260
285588,51707
283835,51707
274235,55983
247243,50361
234248,53186
245266,78137
254244,62188
292589,61873
207148,46601
271262,52175
218379,44478
280578,41974
247087,50361
231339,66928
232345,77120
257236,56588
231458,77120
286602,45189
279661,53835
229279,34460
217355,42212
269270,61874
296925,55377
280562,38099
258581,56588
217390,65529
258871,37985
261889,61583
293552,49856
265691,50271
271751,52175
210137,44081
240342,45693
262626,66063
296350,57057
238167,66077
247375,32923
288348,27792
256221,56588
208624,22152
221130,44704
271346,49207
276370,39499
296400,73297
295868,60260
244041,61933
256271,56588
210132,41113
264580,50271
283025,60074
223389,60232
247377,32923
238239,75709
263698,84756
273640,55983
279581,45883
278155,58315
298963,66723
240128,53645
219520,39321
284558,48851
270080,61874
230025,32444
286277,40843
212915,32859
216478,59929
291631,49553
270902,37016
279830,45995
288404,27792
292167,49553
284721,51819
226173,59021
252059,69244
218172,27976
268459,67710
258406,56588
228880,41269
291855,61873
278882,60555
252812,67004
285968,41314
215926,51474
232857,66928
251072,67004
208533,36577
214395,54777
241237,53645
216473,53209
223383,57992
278366,75339
254057,72268
239689,53645
236128,57565
252974,72313
215275,32859
238961,58125
239323,58125
280379,71117
217411,27976
244490,61933
244049,64173
285487,41314
252502,74844
286445,41314
269996,60978
271318,52175
276891,39499
212750,32859
242083,64509
293522,43729
296231,55377
284978,48851
220008,23944
234814,74365
260577,60396
233817,66928
258875,37985
222380,47657
258986,56476
233822,66928
249201,67004
259963,60396
243292,49613
260722,44280
251005,20760
272011,52175
281885,56590
253092,60508
242109,49613
241216,45805
240716,45693
245771,32923
222960,76684
236199,49725
239322,58125
240766,17604
285168,51707
289718,65872
298415,51457
214144,54777
224181,82553
243094,57453
241136,66077
296999,20000
254748,60508
284687,52715
236174,31436
248165,57081
243384,57453
294025,44144
267604,52287
269601,52287
290648,51057
219478,51697
240030,37432
279202,58315
226684,59021
268557,60978
245120,32923
249288,62524
247618,32923
257862,37985
263343,53743
241043,58125
254677,51817
271963,52175
276552,54115
248120,42521
257217,37985
276259,39555
258605,56476
222269,57992
258359,56476
211116,34472
210284,53164
271461,52175
238572,53645
259688,60396
283885,51707
294182,60260
241487,80973
208927,53164
269425,52287
247181,54841
221004,39321
255139,51817
271459,52175
248672,59265
280861,38099
296243,55377
247674,57081
220803,53937
270883,52175
230951,54608
295475,60260
294433,60260
253324,51817
225458,71513
229223,50957
245037,35554
227156,41269
271226,52063
262371,28510
239240,53645
260927,44280
246835,42521
285280,67141
231211,39547
240006,60365
220291,61889
271830,62255
289996,57920
278167,66155
285713,41314
217166,53209
244875,51047
299221,41064
209655,36577
239734,45693
224545,57992
273605,55983
259880,44280
232798,20684
272492,52063
272214,49207
298392,41064
285821,51595
267357,63218
223799,45257
287959,57920
245641,50361
274908,55750
296459,54481
230804,55982
236206,57565
237384,49725
267091,50271
208814,53164
275088,24234
216159,84793
244080,49613
252630,54684
237747,64285
236675,31292
278064,45883
290679,80689
214616,39783
290746,64113
231821,20684
234599,49725
253169,67945
288167,27792
292958,49553
72273,3971
252789,54684
250079,54684
214379,49177
231999,20684
264887,50271
211044,50969
286058,41314
234290,95421
296022,57057
273334,55983
252014,54684
252725,67004
285296,48795
225486,36565
260534,60396
275216,44583
232505,66928
207371,50969
299796,69265
209364,50969
260154,60396
291570,49553
290729,57393
236071,64285
258062,37929
86779,2723
215321,54777
272112,52175
224734,45672
220127,30630
212246,78521
233892,62448
213649,57017
266812,37526
251707,69244
264811,50271
255176,62188
212434,42457
225109,42893
245500,72425
207640,29776
233907,66928
280567,38099
295109,60260
237184,31436
238128,17604
230940,20684
284640,53499
293831,60260
227859,55684
258375,37985
249870,54684
234380,57565
273535,70220
242167,77389
288442,57920
211502,53164
266249,50271
269052,60978
275711,51875
209316,35532
285927,45189
280773,56702
224064,45257
269851,52287
250754,20760
253082,60508
236422,43165
225274,34460
209628,22152
228873,41269
285216,51707
254608,51817
297212,55377
223907,60232
220729,46097
239563,60365
240566,45693
234375,49725
219149,44462
246526,54841
236537,51405
231286,93579
214419,62617
299594,51345
211844,53164
241493,25660
283559,51707
230986,62448
212229,60489
225830,50957
249284,61404
210845,53164
282279,56590
266674,50271
294995,44144
266445,83759
238367,58125
269848,52287
226769,51372
298314,41064
222427,27864
273711,56879
249663,74844
208885,41281
260133,44280
249484,69244
210497,53164
249221,74441
275816,54115
231103,74880
214160,57017
247156,45097
277246,51000
243464,61933
218855,32347
295424,60260
218372,32347
235125,64285
229444,51372
295397,43729
266760,50271
14918,3090
286093,40843
227973,69101
278242,45995
248936,69580
232498,66928
268990,52287
222477,60232
269377,60978
275392,47586
233155,38926
239092,53645
279515,45883
216799,27976
276951,47395
227189,50957
257873,56588
258132,56588
220186,23944
286481,70714
262114,61583
249657,69244
218291,73369
231440,66928
225781,32634
215720,54777
224329,45257
265600,50271
217835,47545
234408,72237
287719,45600
290661,61873
276100,39555
253108,68841
293118,61873
131188,3727
236440,49725
234765,49725
271808,52175
280504,38099
233021,62448
267358,63218
292035,49553
262630,66063
280902,56590
230159,101844
242924,49613
223955,52392
274040,66063
234098,42546
234926,49725
256503,37985
207765,34472
238213,58125
272974,55983
292629,49553
218795,43376
233019,55982
221487,51697
246380,54841
211148,42312
218211,65529
279760,17738
247496,50361
253705,62188
292830,49553
272995,55502
208603,59033
250587,54684
212865,42457
233702,54608
236030,49725
282544,38099
295396,60260
214518,32859
264038,54852
244219,23898
291600,61649
291296,49553
266700,57742
232068,69168
232689,69168
249408,84028
240432,53645
268794,52287
266294,70431
229581,22140
288763,45600
225181,36565
244987,50361
235867,49725
272219,52175
260078,44280
258401,56588
223579,60232
287797,68112
271510,52175
290531,61873
277879,45883
295059,60260
260424,60396
217638,47545
266818,50271
246513,48298
296155,57057
217607,72339
240523,58125
288703,45185
240190,45693
286550,41314
245281,32923
229631,41101
249205,67004
274843,51875
221887,31896
235497,31436
272342,67497
252271,54684
283361,51707
298750,41064
237405,62045
209044,53164
236593,36980
234764,49725
209707,53164
265701,51167
209824,53164
208570,50577
236165,72125
217122,67769
281530,56590
240445,58125
228110,36565
248048,42521
298582,63889
209151,53164
272824,55983
278727,45883
288446,60160
278725,45883
284160,53499
213034,49177
234316,59357
236411,73581
280260,32420
223587,65832
287916,73376
298498,51345
252855,62748
210063,59033
296801,55377
238343,45693
254647,62188
279654,45883
220554,46097
265787,62591
210527,70793
275487,47395
209380,53164
247731,50361
294730,44144
281338,38099
221181,39321
291376,49553
207131,41281
294111,60260
278521,45883
243665,49613
216074,67769
237429,64285
259742,60396
299062,66779
280337,64397
289284,53440
234809,74141
256793,56588
271057,49207
293233,63979
227060,41269
209845,60713
266217,64831
273982,55983
256091,56588
216205,59929
293742,67697
264087,59254
285322,53499
271274,52063
245364,35554
238375,60365
299397,51345
276346,54115
256186,37985
214052,49177
216358,67769
298156,51345
214782,42457
248479,57081
255539,51817
294040,44144
247551,42521
294345,60260
297669,67809
276081,54115
246012,40360
271611,52063
209734,59033
252930,88396
291257,61873
292339,69713
231229,54608
263853,66063
280759,46331
250677,54684
281729,38099
285076,36660
248318,57081
214311,54777
239371,45693
292704,49553
223156,27864
276893,39499
255081,60508
240734,58125
242233,64173
291025,49553
276532,43430
228150,49884
250013,69244
290341,60160
242472,23484
211689,41281
252183,54684
297487,56273
214112,42457
241003,45805
283566,51819
233156,38926
283896,58394
286645,41314
293096,49553
231620,66928
218442,38056
257541,37929
267903,61874
285025,20000
253871,51817
294342,60260
260210,60396
252382,54684
274782,26474
234855,57677
298497,51345
243338,72125
297390,55377
229534,47429
235044,64285
250985,69244
266088,31982
254198,51817
259749,60396
211934,51384
212137,57017
258910,56588
259827,44280
284377,60074
259897,60396
210707,53164
298894,51457
221362,46097
229061,29765
236372,49725
270564,20356
243965,57453
281015,56590
293004,69825
234250,53186
222851,45257
221120,39321
293290,69825
208566,47217
289584,57920
258541,56476
240377,60365
225243,59021
276431,47395
264677,50271
209626,70793
299051,51345
213935,37594
253645,62188
242449,61933
297449,57057
289593,57920
248164,57081
251636,39002
278849,45883
275569,24234
254554,60508
260979,44280
228449,41269
269649,61874
225557,60589
286903,41314
212980,57017
287883,45185
254265,51817
241133,60365
275363,24234
275077,55347
263838,53743
278500,17738
259395,44280
232019,54608
246804,57081
249377,69244
287290,79349
254105,60508
217208,73369
245484,57081
231127,54608
245008,60553
288500,60160
210454,41281
222011,68856
262077,74015
227977,22140
233578,69168
285359,51707
264700,62591
220914,53937
24740,3610
265475,50271
231072,62448
247277,57081
247273,57081
207602,53164
223402,27864
206963,59033
288913,71304
244749,49613
293048,56273
218896,65529
253836,62188
256775,37985
232472,54608
219157,48885
265652,70431
220444,47217
229282,34460
263032,84756
216083,82553
273435,55983
225884,30092
221020,51697
245399,54841
244297,49613
219011,57405
226070,59021
241288,45805
253407,51817
289820,57920
223623,47657
243970,61933
209069,22152
212854,42457
270268,52175
233642,62448
241623,61933
243187,64173
295422,44546
256932,56476
287237,77355
210664,36712
229317,42765
295914,60260
233725,62448
266878,31982
274437,55983
268552,52287
242555,49613
234307,49725
261993,53743
230114,59189
217343,27976
269025,71058
292475,80566
280642,56702
257817,56588
267154,45776
263949,61583
290430,78192
247516,57081
247461,32923
288385,60160
254538,51817
283099,51707
271213,52175
216096,117307
277902,60555
260462,44280
270774,52175
242193,49613
214271,39783
284852,53499
241952,82877
268239,60978
246463,54841
216115,47545
297553,55377
253191,51817
265779,59254
255054,72268
206824,46265
247082,50361
236700,49725
272228,52175
216981,67769
288177,45185
210802,41113
286853,41314
224798,45257
212321,69561
217057,67769
272411,49207
253268,51817
281831,56590
297580,67473
273798,55983
246284,50361
282493,38099
287956,57920
218161,72339
212744,62617
256201,44432
217665,65529
299578,51457
285186,48851
255937,60508
286286,41314
238494,45693
276236,51875
209161,59033
265661,82281
239701,58125
224189,40296
238348,45693
260531,60396
255583,79296
257824,56588
254314,62188
294264,49856
223934,45257
247815,50361
282799,56702
249934,74844
250069,54684
220337,51697
227462,34460
244248,49613
296679,75933
248280,42521
276506,54115
228044,50957
217758,27976
215375,42457
296212,65457
257911,37985
259118,56040
271305,52175
247693,32923
197465,4755
271734,79817
224782,27864
266268,58111
290792,61649
219647,47217
240064,53645
247268,54841
255659,51817
246682,50361
225706,41269
229151,22140
271561,52175
295481,60260
220985,61889
246659,42521
257793,37985
247415,50361
211778,35532
284806,67141
69001,5685
289558,27792
260392,44280
261455,48079
268340,80175
291085,23424
264184,90703
275770,54115
296425,55377
209580,44664
277139,54115
264495,50271
246254,39847
297793,55377
238573,53645
245589,65033
290563,101152
210874,28872
262544,41652
224270,45672
292419,49553
230297,74365
270177,60978
217297,44478
260893,60396
250289,77196
222917,45257
295607,60260
235303,64285
247092,54841
231420,54608
277374,58315
286671,51595
273542,55502
237046,49725
254545,51817
247828,54841
210501,53164
266129,56991
288962,60160
246923,45435
240657,53645
214087,64969
260765,44280
241762,49613
229665,53152
239041,60365
245968,54841
248309,56073
280101,45995
272293,67497
224408,47657
224506,27864
220221,53937
282215,56702
263801,74015
289126,57920
40072,3988
283880,51707
274671,73377
293130,69713
281092,38099
282733,56702
230980,54608
226143,50957
259872,44280
299185,51457
214396,54777
230679,20684
289349,57920
214220,54777
224845,82553
247962,42521
208074,22152
218966,67769
281572,38099
296040,39763
248348,42521
256122,37985
247335,48298
215172,54777
269689,60978
235001,49725
225660,59021
245579,57081
287229,51595
299542,51345
216175,29656
258358,56476
219944,53937
271170,52175
212291,54777
292522,61873
252015,54684
215593,58249
267136,64831
145658,6489
231476,44246
232212,54608
270203,71058
264024,51391
236311,63725
277300,47702
251576,54684
236314,64285
295254,44144
276704,51875
241602,23898
253535,51817
271843,49207
253525,51817
247509,54841
287668,31721
285892,51707
292261,61873
261812,48079
247629,42521
250373,69244
248852,67004
291309,49553
253764,60508
211488,44025
209191,29777
251347,69244
233041,69168
260711,44280
214829,57017
213386,54777
270455,70095
265896,50271
277142,62067
238550,45693
258574,43697
297029,55377
243222,49613
291619,23838
242588,61933
227438,63804
272240,52063
263023,68303
265304,82863
219929,51697
36756,14028
277446,66267
222167,27864
209506,59033
292271,64113
245994,32923
259654,60396
238158,60365
269755,60978
280143,45995
279960,45995
288329,60160
240747,60365
297576,57057
293692,44144
227541,59021
220910,51697
285497,45189
283067,64733
255575,62188
254680,60508
287051,41314
247636,42521
241679,49613
257186,56588
296214,67137
238003,50810
256389,37985
262827,40270
284476,51707
294434,60260
255237,60508
217445,59929
248084,57081
287376,51595
271087,53071
227585,39847
207658,36712
257261,56476
230728,66928
245730,54841
289660,60160
230328,26396
226430,41269
297544,54896
259798,60396
281121,56590
295608,60260
228325,36700
245025,78137
279106,45883
295962,94544
297617,55377
228307,29764
274281,55983
239464,53645
227295,50957
209898,41113
288829,53440
274289,55983
269512,60978
289274,45185
232488,54608
219928,47408
262378,41652
264575,50271
255083,60508
254289,60508
274830,44583
297047,54481
210976,22152
297482,55377
207176,53164
272134,52063
270931,52063
236559,62045
265840,50271
240922,29764
298255,51457
244344,64173
234989,79965
217846,53209
262467,66063
251271,74844
229918,36565
228198,22140
239008,45693
209699,50969
257260,56476
255201,51817
209849,22152
241061,60365
268384,60978
282052,56702
273349,70220
289257,60160
224623,60232
251209,54684
279877,64890
250219,48289
249891,54684
272500,85249
257491,56588
269882,60978
289513,45600
240579,45693
213012,39783
242890,61933
220667,46097
298633,41064
265533,50271
261372,100111
256419,56588
229695,29980
258688,37985
235304,64285
266519,31982
247025,54841
252337,84896
233328,20684
243599,57453
276809,51875
220336,51697
279081,66155
225004,76829
266883,43711
289589,57920
241842,57565
262410,66063
289525,53440
209471,50969
211084,59033
209217,41281
240967,58125
229368,22140
270434,52175
265979,50271
274723,55502
222911,45257
257205,37985
225684,32634
277041,24234
279251,45883
220484,39321
210440,35532
267258,64831
259318,44280
271283,62255
264991,62591
250834,20760
247054,32923
211695,41281
264508,50271
249520,54684
233603,54608
235836,36980
271187,56435
212709,54777
249204,67004
288897,57920
225149,60141
267084,31982
234785,63725
232071,69168
214433,32859
225334,53152
292349,23838
277320,66379
248181,32923
231730,20684
208673,42312
256608,56588
298671,41064
267526,87746
269907,52287
295673,44144
291080,86278
261119,60396
212400,64633
278730,52715
236639,62045
253658,51817
230624,54608
297906,54896
212365,52522
215341,57017
284570,51819
233208,66928
243933,49613
239512,45805
242850,49613
238862,45693
206897,37256
248045,42521
259683,52064
240003,58125
224712,38626
258325,56588
256576,37985
218126,57405
215694,42457
263297,66063
230089,105764
234777,62045
285132,48851
222280,65832
208013,41281
212817,57017
290766,49553
253989,88480
281999,56702
234322,64285
231768,54608
249122,70073
225985,29980
240964,58125
267404,81071
276811,51875
213442,42457
276427,39499
237960,62045
250698,54684
268269,69311
254871,51817
271435,58750
257697,56588
217362,47545
214207,49177
236552,62045
279162,45995
229861,53152
273731,55502
228676,47844
231379,92772
244605,57453
234813,74365
273916,55983
245563,54841
254613,51817
227600,41269
263469,66063
244610,61933
229632,41101
253074,60508
297170,55377
233532,54608
237353,31436
226651,47844
250022,70633
208382,70793
243386,57453
290289,64729
249314,74844
258991,65445
210060,59033
271027,52063
254686,60508
282699,63277
266110,50271
251903,20760
266035,50271
271478,52063
294181,60260
216384,43376
222243,45257
230007,76997
273216,60631
239254,58125
236339,31436
261167,60396
296005,54896
250893,67004
289260,64729
288419,48876
216629,65529
209272,53164
284834,51819
291555,49553
291712,49553
219161,48885
293923,44144
222270,60232
253629,60508
281066,56590
252990,51817
240767,17604
207359,44025
213293,52522
223867,45257
293543,44144
215824,54777
296895,55377
211765,29622
254975,61404
282454,56702
289258,60160
276541,51270
275238,51875
254113,60508
246290,52586
207006,36577
232887,42546
293388,64113
254381,60508
226126,41269
253178,70588
214111,42457
275089,24234
214867,42457
270258,60978
228074,59021
220044,47408
289574,47585
229992,59189
292084,49553
236143,62045
211070,53164
298303,51345
210711,53164
271152,49207
293462,72692
215674,62617
218286,67769
248294,50815
299055,51345
247802,42521
293690,89257
244045,61933
243400,61933
251705,69244
213538,49177
233142,77120
293431,73812
291359,49553
179100,4009
231796,66928
294357,44144
245869,45097
298058,57057
276126,51875
215735,54777
230465,69168
223090,71376
239249,58125
242080,64173
263301,66063
280533,56702
223288,45257
230777,48213
211964,59033
241994,57554
263280,53743
249034,67004
206672,50669
254805,51817
224661,45257
276273,47395
252029,54684
276525,39499
208241,47441
282318,38099
243287,49613
244924,44318
249289,62524
247642,45097
236205,57565
220644,39377
294649,60260
287920,73376
252623,54684
292451,57393
211238,39859
273584,55502
299195,51457
286795,40843
208210,36712
228765,41269
252641,62524
277747,58315
299182,51457
215217,42457
269648,60978
265005,72201
292708,56273
258171,37985
281314,56590
248513,42521
251099,20760
283438,97045
220362,32770
220568,51697
273588,55502
225328,53152
209128,50577
224089,57992
231667,54608
270543,52063
270341,52063
258201,56588
247661,54841
272467,49151
299145,51345
276716,59827
277889,53835
221848,51697
276662,54115
271663,52063
283346,48851
285569,39682
267221,50271
254696,60508
298226,51345
246361,50361
275876,59827
246549,62793
242949,57453
231693,62560
283674,51819
253721,79705
248356,42521
293237,64113
220394,51697
233317,74880
238933,45693
233880,54608
270238,60978
219500,66481
256825,37985
253635,60508
234413,79629
213801,54777
231045,54608
258091,56476
212243,70681
255448,72268
230253,54608
276869,51875
288479,47585
244338,61933
299769,51457
240849,45805
208573,50969
264280,50271
271481,52063
256709,37985
236935,49725
250217,39623
215053,45033
211534,59033
241075,45805
267212,72201
229476,22140
231513,55982
285684,51595
294624,44144
277833,58315
279922,53835
236355,49725
245692,42521
287948,53440
224190,45257
243972,61933
232847,66928
253573,62188
215722,54777
280411,56702
240418,45693
222774,45257
243466,61933
289350,57920
250611,54684
211118,35532
299473,41064
278449,45883
218793,42212
266405,50271
227649,59021
277792,45995
260126,44280
249167,54684
241753,49613
276424,39499
236977,62045
215883,57790
253711,67945
237608,31436
261134,44280
272902,55502
295603,60260
241253,58125
244979,42521
286901,41314
225430,51372
244625,74365
278302,75339
212000,33979
269443,60978
258153,56588
255904,62188
227734,53152
221530,42546
293284,63979
220690,53937
209239,49896
211226,36577
222097,27864
275371,39555
243291,49613
243079,49613
297804,56273
245982,57081
286129,58282
295447,72692
298711,41064
274903,54115
266221,64831
265228,70543
240123,52380
253996,51817
295767,60260
248706,73948
297521,55377
257881,56588
253873,51817
245732,54841
254143,51817
278804,58315
232569,55982
295029,60260
253847,72268
226114,39847
240744,60365
284536,53499
222965,27864
247091,54841
282770,26932
264685,56991
274834,47440
275616,62067
281576,38043
235514,49725
239306,45693
239670,45693
284316,53499
210418,22152
240492,45693
223995,45257
292236,49553
267324,64831
230936,20684
272838,55983
248042,42521
242915,49613
207615,59033
270074,60978
245176,57081
277060,39499
253726,36763
229773,53152
257941,56588
236984,63725
214639,49177
257532,37985
249211,68841
253666,51817
244189,61933
273917,55983
262374,28510
208702,53164
233022,62448
266661,72201
227261,37888
249738,67004
208070,22152
218693,67769
272694,55983
235776,49725
216090,91177
289620,45185
241995,57554
266603,50271
237723,51405
209967,22152
256995,56476
220461,53937
228862,36700
239723,17604
288883,47585
227199,51372
263685,66063
267868,60978
233590,20684
235669,43165
245089,57081
269986,60978
248230,54841
294039,44144
259018,65445
233802,54608
271490,20356
219037,67769
278837,45995
228769,41269
298869,69265
298960,63889
283585,51819
279373,45883
298223,51345
247507,54841
239787,60365
221701,24056
285269,53499
233794,54608
246575,39847
249800,54684
241272,66077
255958,60508
211233,36712
270227,52287
239880,45805
246790,54841
264905,50271
254702,60508
216620,53209
231569,54608
275483,39499
281284,38043
264578,50271
206864,70793
264288,50271
286578,51595
275950,39499
249869,54684
226498,29825
259575,44280
227098,53152
292888,49553
292097,49553
230158,101844
295019,60260
229068,34460
240072,58125
259876,44280
240315,68317
273540,55502
214794,42457
252135,67004
277053,39499
267750,61023
256773,37985
257195,56476
220928,24056
249001,54684
268318,60978
238415,45693
241341,17604
295003,44144
270999,114705
242183,49613
286316,51595
267474,52287
249022,62636
215208,42457
256612,56588
260348,44280
260260,60396
234002,74880
267272,31982
212323,70578
239259,60365
295035,43729
217222,32347
227319,59021
230189,66928
207955,59033
232089,20684
252167,20760
265890,50271
246040,54841
251080,69244
214104,39783
207016,39859
237197,49725
284533,51707
287740,66465
250113,74844
223492,45672
234334,82205
215214,42457
293653,44144
295253,44144
215874,50632
235716,62045
241257,60365
290646,49553
262085,28510
230335,54608
211876,31462
285955,66122
264375,58212
259856,60396
273612,55983
294374,44144
220539,39321
267721,31902
225206,42412
241112,58125
278384,45883
206841,54898
273901,73903
214643,50297
240838,60365
265977,50271
248297,52586
272106,49207
244532,49613
278883,60555
211635,59033
295382,60260
232637,54608
296313,54481
286647,41314
276915,54115
297609,55377
207246,41281
254226,60508
290095,57920
253369,62188
241834,49613
275169,47586
267483,52287
223125,53512
278525,45883
296114,71920
296080,96224
265905,50271
215133,42457
254266,51817
221511,37668
285090,51819
214622,42457
237410,62045
233909,66928
224968,60232
287843,57920
274039,66063
266436,64831
257463,37985
274638,55502
242702,49613
297178,57057
208217,39859
250139,54684
257684,56588
213113,49177
264227,56991
250786,54684
258308,37985
218538,59929
224024,57992
214676,64969
258752,37985
279460,53835
224600,45672
278608,58315
215444,32859
298519,41064
244551,61933
276700,51875
212984,57017
230664,69168
263055,53743
285646,51595
281987,56702
213284,48169
257970,61212
296693,54896
261714,66063
220344,53937
279911,45883
279611,64890
262518,66063
257064,61212
255031,60508
260336,43865
217314,57405
254563,60508
228400,69101
241758,49613
262311,28510
237294,49725
241769,57453
272258,49207
230428,54608
225483,34460
273510,55983
280441,74594
299642,66723
250899,69244
246975,32923
237877,57565
285795,41314
252381,54684
225040,52044
257369,56588
291900,49553
259988,44280
240850,45805
234800,69997
246378,54841
288755,27792
282041,38043
263767,48079
211187,59033
271037,52063
218578,27976
229256,60589
217591,65529
233562,66928
245354,32923
219518,39321
226275,59021
212712,54777
219836,24056
278760,66267
218646,27976
211527,58876
214137,52522
246345,42521
231801,66928
299669,51457
221797,51697
277605,45883
225490,36700
155742,6132
247983,50361
207973,28872
222929,52392
230873,54608
240999,45805
224829,60232
262105,53743
253513,70588
211461,37944
260595,44280
296869,54481
281346,56702
263582,66063
252686,35586
214772,32859
226151,51372
273576,56879
221275,53937
216803,29656
271236,63935
212297,54777
253362,60508
266239,31982
254896,60508
241329,60365
241830,49613
222645,45257
256652,56588
238826,60365
267930,52287
218363,27976
233845,69168
277407,17738
216273,57405
268931,52287
264610,58111
222435,45257
240639,45693
245660,54841
223932,45257
227507,50957
247331,42521
264156,62591
212437,42457
239020,53645
252645,67004
207134,41281
252090,54684
222110,45257
217498,47545
265556,59254
297735,54896
229863,53152
223282,27864
237694,36980
222697,27864
268440,60978
207777,39859
230028,57140
252064,74844
284705,48851
256592,56588
217189,65529
249169,54684
207450,40447
248827,54684
297306,55377
266736,31982
238505,53645
212339,37594
258925,63163
242983,23484
296714,55377
298270,39432
259456,44280
218511,27976
296059,55377
275995,39555
298173,44939
286486,39682
281030,38099
209521,22152
293901,60260
246887,62793
233086,54608
280242,60555
298006,55377
270043,52287
298529,51457
287040,79349
259662,44280
276770,54115
227577,36565
215704,42457
232149,66928
277273,68474
283452,51819
296685,54896
232207,54608
262787,53743
222229,27864
256038,57596
291019,23424
256877,56476
277042,24234
285002,51707
290039,57920
221965,68184
234050,62448
208354,53164
277539,45883
271051,20356
209886,41281
231663,54608
256906,56588
209312,34472
209454,41113
207106,34472
8339,2410
237772,31436
282730,44546
280142,38356
246637,32923
261697,53743
281783,56590
251553,54684
272223,52175
232444,20684
213913,57017
275965,47586
250932,54684
291928,63979
245304,50361
240091,60365
250539,67004
280993,56702
246224,54841
217584,57405
221211,53937
262069,66063
229993,59189
228054,53152
223230,45257
216204,57405
224698,65832
212890,54777
298188,63441
284971,36660
247071,42521
283488,48851
255401,51817
266523,37526
279667,58315
214062,54777
257271,37985
269447,60978
240424,45693
269555,60978
287627,31721
295688,52475
290427,74305
249372,67004
269132,60978
259858,60396
294796,60260
208403,29992
219124,38470
296515,55377
284645,58394
256146,56588
297294,55377
260676,60396
257394,37432
271046,67497
290395,97702
271631,76670
221940,48718
298677,41064
286503,51707
232904,54608
277088,54115
295751,60260
282653,38099
242075,64173
230435,54608
298702,71901
281186,56590
287166,51707
264903,50271
282238,56590
242671,61933
294134,44144
221632,24056
221331,24056
221388,61889
263372,28510
286413,51595
262795,57939
260636,60396
237801,57565
240644,45693
259563,44280
223473,27864
209041,53164
244478,57565
258934,37985
264179,86335
259196,66778
248602,50361
280807,38099
254268,51817
236563,64285
274215,55983
225041,53220
267410,25470
294786,44144
225566,80458
231451,69168
238492,45693
269706,60978
246136,54841
292851,61649
291073,69713
281005,56590
267778,78870
212329,32859
282912,38043
252217,67004
236889,62045
274315,55087
238135,45693
214257,32859
255009,51817
292819,49553
299299,51345
271642,49207
238969,60365
270728,52175
230347,54608
210922,42777
260513,44280
233982,66928
276483,44583
242347,49613
288070,57920
290604,61873
211691,41281
225976,22140
245671,57081
242735,61933
265403,50271
244520,49613
264139,50271
225574,22140
264317,62591
251469,54684
246480,32923
261840,68303
222770,27864
230726,66928
270845,52063
213793,49401
216345,59929
241851,64173
227792,36565
267114,59108
214798,49177
239017,50868
299235,51457
207669,41281
263891,53743
263071,61583
169925,4183
245684,32923
298841,51457
295625,44144
297508,54896
207080,60601
249928,69244
243182,64173
243533,57453
272875,55983
231098,70400
216546,53209
265521,31982
220252,39321
237330,64285
214039,42457
224404,45672
295292,60260
251048,54684
280571,38099
226970,47844
237183,31436
221091,53937
285217,51707
267085,31982
233299,66928
270618,49151
276596,47586
247786,42521
258961,56588
297020,55377
233119,66928
255352,60508
269912,52287
246613,54841
225659,59021
210697,47217
298478,44939
209885,41281
287903,57920
269662,52287
274722,55502
259873,44280
216288,67769
225715,41101
241378,58125
226708,32634
279064,58315
281926,56702
220142,39321
211338,36577
228124,41269
271881,58750
286016,51707
284108,51707
245213,42521
240998,37432
294972,60260
248171,57081
237829,64285
230888,54608
294912,60260
289773,65872
222544,60232
260057,60396
291614,80566
247568,45435
230930,77120
251272,74844
254415,51817
269587,71058
253558,60508
243362,49613
258499,37985
286103,41314
260994,59106
248503,42521
294630,44144
293446,64292
250602,54684
268711,78898
268320,60978
282976,56702
289998,60160
265394,50271
285958,39682
298613,51457
296771,84464
296598,54896
255386,36763
209878,36712
216124,53209
259704,60396
247800,42521
232573,62448
227847,53152
215477,54777
262920,84756
293842,60260
269175,52287
244365,23898
232644,54608
238480,45805
286499,41314
249347,54684
261058,60396
261195,44280
270799,53082
233442,54608
210393,53164
261876,53743
211140,41281
279239,45995
295862,60260
262080,92193
280284,52715
260137,44280
264658,50271
269754,60978
260738,60396
268420,52287
215699,42457
254394,51817
283663,39948
230894,62448
221442,59537
248750,59265
277450,68507
209493,53164
213125,54777
255948,60508
213060,57017
239521,45693
277956,58315
239575,74892
228504,59021
292581,61873
240301,60365
211519,53164
278670,60410
300090,51457
277144,24234
259466,44280
273860,55502
222500,27864
270320,70106
257375,56476
274234,55983
237906,64285
257547,43697
219557,59649
297326,54896
228714,53152
247449,61546
287720,47585
289176,53440
224265,45257
215527,42457
251909,39623
266694,50271
236521,49725
248320,57081
228582,51372
250636,69244
270593,52063
243534,57453
259807,60396
52057,2339
268389,60978
287272,51595
263144,69535
216033,31528
270675,52175
250927,35586
290659,61873
262843,53743
256807,64025
297098,54896
272436,52063
215072,54777
262845,53743
229038,63053
291373,49553
298236,41064
260471,60396
212083,60601
224939,45672
281837,70714
272731,55983
232853,66928
259621,44280
219679,24056
296709,55377
265426,64831
244448,49613
275009,51875
223271,65944
254844,60508
211443,31462
284425,58394
288160,73376
216055,53209
235870,51405
214294,50297
285317,52715
281834,56590
279417,66155
232790,77120
225265,22140
237719,49725
207744,22152
241817,49613
255456,51817
214381,50297
225575,29980
232195,54608
241936,64457
246617,54841
239114,60365
213037,50297
273202,55983
230257,54608
280591,56702
223311,57992
215472,50297
218038,42212
298103,55274
296291,55377
263821,43910
210532,22152
212134,54777
246901,32923
208897,41113
260825,44280
237094,73581
242828,72125
263534,84756
285546,51707
249286,62524
269149,71058
274756,30808
207133,41281
275005,47586
221235,39321
284148,51707
276268,39499
207881,37417
259549,60396
273981,55983
250564,20760
217132,73369
237015,36980
263677,57939
266304,74911
281227,56702
296208,57057
257800,37929
297323,54896
285650,51595
236337,82317
296079,86144
219075,53209
223496,45672
282607,38099
262640,84756
263422,28510
299874,51457
281553,78554
220710,39377
258895,56588
284197,51819
220065,67153
210140,47441
242272,49613
250238,54684
261347,54863
235387,64285
236857,49725
283189,52715
213807,54777
232862,69168
253537,51817
288780,57920
221891,31793
237056,57565
275969,51875
247678,57081
274065,55983
281880,56590
235948,49725
246440,50361
257558,56588
274174,82751
291066,63979
243800,49613
274369,55502
226384,60589
236202,49725
217625,27976
256910,56588
259327,44280
263885,53743
224228,60232
299710,41064
263260,28510
240759,66077
247833,54841
212366,52522
231080,66928
294780,44144
255397,51817
215115,37594
213710,54777
249285,61404
245604,32923
235335,45230
238231,68317
216312,27976
242441,61933
243560,64173
245799,54841
282726,38043
215803,50297
248803,99451
245404,54841
268018,60978
237419,64285
210525,60713
254114,60508
229668,53152
288693,27792
227076,44013
251116,54684
226266,53152
287892,53126
290728,57393
289662,60865
267538,52287
238109,63949
237910,64285
230331,48213
242607,70881
288517,27792
281997,56702
255651,31292
242990,49613
278988,52715
247766,32923
259612,44280
170212,6461
276183,54115
220777,44405
235893,64285
207419,22152
284203,51707
225268,30092
255077,51817
278728,51058
226002,36700
266461,50271
244898,69289
285109,52715
230746,74880
297542,54481
271627,68830
244798,49613
267373,32190
261677,28510
220788,47329
218840,73369
287636,50822
255265,51817
298628,41064
211851,59033
282333,56702
236180,49725
224330,45257
256244,64025
261272,60396
218979,73481
214345,35490
241052,60365
217597,65529
298540,58032
64010,5949
266759,50271
262031,28510
288426,53552
227624,51372
278492,67130
217079,29656
273360,55502
287989,27792
223306,52392
220422,39321
230144,88404
251982,74844
268830,60978
237564,57565
276296,59827
211960,53164
270170,60978
265205,59254
269687,60978
216260,47545
238693,45805
283844,58394
252870,64137
275738,39499
208462,51384
285218,53499
232808,54608
258492,12000
243941,49613
228833,22140
219332,70513
274573,55983
296805,55377
288389,60160
255479,60508
275836,37846
218663,53209
207746,22152
282859,56702
278955,66155
274924,24234
273041,55502
274191,55502
211086,59033
281420,56590
279731,53835
265534,50271
245532,42521
294034,44144
273595,55983
219880,53937
246451,54841
244396,51117
292220,49553
257851,37985
262797,61583
248834,54684
231271,69168
247594,57081
210142,49896
262351,66063
276774,24234
282643,56590
269667,52287
208283,70793
246373,54841
214803,49177
282207,41974
247893,42521
281333,38099
229441,51372
265805,74273
286060,51707
294927,60260
293296,90960
272951,55502
215010,57017
211324,28872
288569,68112
229630,41101
253784,72268
218666,53209
255306,60508
252965,62188
268206,63609
207600,53164
290284,60160
271707,52175
280010,68362
293214,51057
211567,36712
297753,55377
259383,44280
239366,45693
228382,53152
295905,60260
299600,79099
213052,54889
295300,44144
209705,53164
262563,53743
279753,66155
238518,58125
250694,54684
289759,57920
297853,57057
208768,36712
274449,55087
288527,45185
265311,43711
298739,51345
269275,71058
299314,41064
230441,54608
220521,24056
295238,60260
293482,50449
211672,35532
288077,57920
232639,54608
257382,56476
221464,39321
299583,51457
239553,58125
285605,51595
288976,27792
264322,70431
248040,42521
265601,50271
248151,54841
219844,39377
206697,76768
297191,54896
264711,64943
275865,51875
299880,51345
219635,39321
211583,41281
249030,67004
284937,51819
211087,59033
249636,62121
292114,56273
293191,69825
283829,51707
230471,69168
274774,49063
244527,49613
294599,60260
243935,49613
222651,45672
217271,73369
242539,74365
289080,57920
232256,77120
218362,27976
219533,46097
267833,71058
214752,57017
212079,56121
271301,49151
280170,58315
212592,42457
207827,53164
260554,44280
274098,55502
215059,49177
208370,53164
266257,50271
209279,59033
265285,62591
283063,58404
244483,61933
269323,60978
226628,39847
255715,51817
258455,56588
281408,56702
227545,60589
236686,49725
258185,37985
240923,45805
241422,45805
254929,51817
280831,56702
225749,53152
269493,60978
297238,54896
275178,51875
267275,31982
282293,63277
207945,58876
258068,56588
232414,66928
265108,50271
228152,51372
256243,56476
300138,51457
299466,41064
284076,48851
208608,59033
290197,45600
230416,48213
292734,64113
266502,62591
275932,24234
238574,53757
260247,44280
246618,57081
256972,56588
247930,57081
249653,69244
290664,64113
269220,52287
216287,67769
243214,49613
253270,51817
291267,61649
207461,41281
213434,35490
243929,23898
216841,65529
271041,55739
244967,35554
287434,69515
291117,51057
214879,49177
295353,44144
233143,77120
252123,61404
279047,45883
275596,47395
236461,57565
264046,70655
228540,36565
299637,51345
221028,53937
247282,57081
220610,47408
255198,51817
228034,47205
294686,44144
279683,66267
219663,51697
211080,59033
272654,61032
294604,60260
219483,51697
287266,51707
255209,60508
